'Page Number,'Typ,'Text,'Confidence Score % (Line),
"'1","'LINE","'SPOOLER RUNTIME 48 SECONDS, 310 KCS, 1637 DISK READS, 123 DISK WRITES, 386 PAGES","'97.41518402"
"'1","'LINE","'**END** USER MITS (6000,6000) J08 rs SEQ, 42 DATE 10-SEP-75 09:22:31 MONITOR ALBUQUERQUE SCHOOLS 507B **END**","'82.92588806"
"'1","'LINE","'**END** USER MITS (6000,6000) JOB F3 SEQ. 42 DATE 10-SEP-75 09:22:31 MONITOR ALBUQUERQUE SCHOOLS 5078 **END**","'90.94310760"
"'1","'LINE","'**ENO** USER MITS (6000,6000) JOB 3 SEQ. 42 DATE 10-SEP-75 09:22:31 MONITOR ALBUQUERQUE SCHOOLS 5078 **END**","'91.15261078"
"'1","'LINE","'**END** USER MITS (6000,0000) JOB F3 SEQ. 42 DATE 10-SEP-75 09:22:31 MONITOR ALBUQUERQUE SCHOOLS 507B **END**","'92.69651794"
"'1","'LINE","'**END** USER MITS (6000,6000) JOB F3 SEQ. 42 DATE 10-SEP-75 09:22:31 MONITOR ALBUQUERQUE SCHOOLS 5078 **END**","'89.97222137"
"'1","'LINE","'**END**","'94.00921631"
"'1","'LINE","'USER","'99.58992004"
"'1","'LINE","'MITS","'93.82785797"
"'1","'LINE","'[6400,6000] JOB F3 SEQ. 42 DATE 10-SEP-75 09:22:31 MONITOR ALBUQUERQUE SCHOOLS 5078 **END**","'83.99925232"
"'1","'LINE","'**END**","'87.37606049"
"'1","'LINE","'USER MITS (6000,6000) JOB F S SEQ. 42 DATE 10-SEP-75 09:22:31 MONITOR ALBUQUERQUE SCHOOLS 5078 **END**","'88.70468140"
"'1","'LINE","'**END** USER MITS [6000,60001 JOB 3 SEQ. 42 DATE 10-SEP-75 09:22:31 MONITOR ALBUQUERQUE SCHOOLS 507B **END**","'88.86387634"
"'1","'LINE","'**END**","'88.56382751"
"'1","'LINE","'USER MITS [6000,60001 JOB F3 SEQ. 42 DATE 10-SEP-75 09:22:31 MONITOR ALBUQUERQUE SCHOOLS 507B **END**","'89.56673431"
"'1","'LINE","'**END** USER MITS (6000,6000) JOB F3 SEQ, 42 DATE 10-SEP-75 09:22:31 MONITOR ALBUQUERQUE SCHOOLS 5078 **END**","'91.53301239"
"'1","'LINE","'**END** USER MITS [6000,6000] JOB F 3 SEQ. 42 DATE 10-SEP-75 09:22:31 MONITOR ALBUQUERQUE SCHOOLS 5078 **END**","'87.62123871"
"'1","'LINE","'**END** USER MITS (6000,6000) JOB F3 SEQ. 42 DATE 10-SEP-75 09:22:31 MONITOR ALBUQUERQUE SCHOOLS 5078 **END**","'89.84576416"
"'1","'LINE","'*END** USER MITS (6000,6000) JOB F3 SEQ. 42 DATE 10-SEP-75 09:22:31 MONITOR ALBUQUERQUE SCHOOLS 5078 **END**","'90.76405334"
"'1","'LINE","'**END** USER MITS (6000,6000) JOB F 3 SEQ. 42 DATE 10-SEP-75 09:22:31 MONITOR ALBUQUERQUE SCHOOLS 5078 **END**","'90.71374512"
"'1","'LINE","'**END** USER MITS (6000,6090) JOB F3 SEQ. 42 DATE 10-SEP-75 09:22:31 MONITOR ALBUQUERQUE SCHOOLS 5078 **END**","'87.30492401"
"'1","'LINE","'FFFFFFFFFFFFFFF","'87.16072083"
"'1","'LINE","'444","'99.27465057"
"'1","'LINE","'444","'99.02070618"
"'1","'LINE","'FFFFFFFFFFFFFPF","'59.41387558"
"'1","'LINE","'444","'99.18578339"
"'1","'LINE","'444","'99.42954254"
"'1","'LINE","'FFFFFFFFFFFFFFF","'81.04880524"
"'1","'LINE","'444","'99.39144897"
"'1","'LINE","'444","'99.44102478"
"'1","'LINE","'FFF","'99.69834900"
"'1","'LINE","'444","'99.44314575"
"'1","'LINE","'444","'98.86334229"
"'1","'LINE","'FFF","'99.67367554"
"'1","'LINE","'444","'99.57745361"
"'1","'LINE","'444","'99.26584625"
"'1","'LINE","'FFF","'99.69456482"
"'1","'LINE","'444","'99.03715515"
"'1","'LINE","'444","'99.57385254"
"'1","'LINE","'FFF","'99.85348511"
"'1","'LINE","'444","'99.40575409"
"'1","'LINE","'444","'99.52231598"
"'1","'LINE","'FFF","'99.86199951"
"'1","'LINE","'444","'99.20542145"
"'1","'LINE","'444","'99.56777191"
"'1","'LINE","'FFF","'99.79090118"
"'1","'LINE","'444","'99.16399384"
"'1","'LINE","'444","'99.41366577"
"'1","'LINE","'FFFFFFFFFFFF","'93.94631958"
"'1","'LINE","'444444444444444","'93.67650604"
"'1","'LINE","'FFFFFFFFFFFF","'86.37520599"
"'1","'LINE","'444444444444444","'91.72705841"
"'1","'LINE","'FFFFFFFFFFFF","'81.94358826"
"'1","'LINE","'444444444444444","'94.10623932"
"'1","'LINE","'FFF","'99.84360504"
"'1","'LINE","'444","'99.49553680"
"'1","'LINE","'FFF","'99.82924652"
"'1","'LINE","'444","'99.36750031"
"'1","'LINE","'FFF","'99.76148987"
"'1","'LINE","'444","'99.38288116"
"'1","'LINE","'FFF","'99.78249359"
"'1","'LINE","'444","'99.10481262"
"'1","'LINE","'FFF","'99.73262787"
"'1","'LINE","'444","'99.75232697"
"'1","'LINE","'FFF","'99.82387543"
"'1","'LINE","'444","'99.61142731"
"'1","'LINE","'FFF","'98.59545135"
"'1","'LINE","'444","'99.64455414"
"'1","'LINE","'FFF","'99.40079498"
"'1","'LINE","'444","'99.76107025"
"'1","'LINE","'FFF","'99.82265472"
"'1","'LINE","'444","'99.47509766"
"'2","'LINE","'confirm plane reservation an X/2 Sept 2 a Wed Sept. 3","'72.91761780"
"'2","'LINE","'LICE MICE","'57.63689423"
"'2","'LINE","'GOEDE \C06162:1","'20.31263924"
"'2","'LINE","'RE DEFEIED EXTRAINC male sure received payment iN good order","'66.27290344"
"'2","'LINE","'LIFE CREVIED: 51-vnews2 NP:19:58 DRINIED 514700-12 01:52:30","'25.75730324"
"'2","'LINE","'@p:11:52","'10.50693226"
"'2","'LINE","'108 by OVIE 51⑉202=12 01:53:53 WOMINON acmoora 201V","'29.30515671"
"'2","'LINE","'KOMMING on THID","'47.57418442"
"'2","'LINE","'Economic","'33.37841797"
"'2","'LINE","'check if were then \ person (FOUT) calls VSIGN after dong. a LDA VALTYP","'76.06891632"
"'2","'LINE","'see of clot of people want I save at INeq presered B,CO,R","'71.12497711"
"'2","'LINE","'aujust B,C","'67.44509888"
"'2","'LINE","'GETTYP","'92.97623444"
"'2","'LINE","'subr that does","'87.53182983"
"'2","'LINE","'LOT UATTY","'29.29227638"
"'2","'LINE","'CAI 4 (diffinitely Yes)","'65.28261566"
"'2","'LINE","'RET","'81.15160370"
"'2","'LINE","'Look I BRICA- see","'39.25784683"
"'2","'LINE","'alot d cm FINDIV or","'57.86652374"
"'2","'LINE","'loops","'32.44364548"
"'2","'LINE","'?","'89.25643921"
"'2","'LINE","'110","'28.78776741"
"'2","'LINE","'3M","'49.54845428"
"'2","'LINE","'100","'24.74336433"
"'2","'LINE","'the","'21.94876099"
"'2","'LINE","'the","'38.76430893"
"'2","'LINE","'doe","'20.23592949"
"'2","'LINE","'tits","'23.41871071"
"'2","'LINE","'⑉","'20.71737289"
"'2","'LINE","'LPTSPL VERSION 6(344)","'97.58531189"
"'2","'LINE","'RUNNING ON LPTD","'87.52110291"
"'2","'LINE","'*START* USER MITS 16000, 60001 JOB F4 SEQ. 205 DATE 27-AUG-75 07:23:23 MONITOR ALBUQUERQUE SCHOOLS 507A *START*","'89.77806854"
"'2","'LINE","'REQUEST CREATED: 27-AUG-75 06:11:25","'96.94606781"
"'2","'LINE","'FILE: DSK80:F416000,60001 CREATED: 27-AUG-75 06:10:00 PRINTED: 27-AUG-75 07:23:30","'87.37664795"
"'2","'LINE","'QUEUE SWITCHES: /FILE:ASCII /COPIES:1 /SPACING:1 /LIMIT:468 /FORMS:NORMAL","'94.00965881"
"'2","'LINE","'FILE WILL BE DELETED AFTER PRINTING","'99.67591095"
"'2","'LINE","'/MEDIUM/","'90.83917999"
"'2","'LINE","'/ON MACHINE/","'95.19094086"
"'2","'LINE","'/CASSETTE/","'84.68865204"
"'3","'LINE","'2955","'99.82141113"
"'3","'LINE","'3019","'99.85948944"
"'3","'LINE","'3148","'99.52596283"
"'3","'LINE","'3179","'99.57366943"
"'3","'LINE","'3180","'83.89640045"
"'3","'LINE","'3216","'99.71824646"
"'3","'LINE","'3285","'99.65856934"
"'3","'LINE","'3286","'99.24317932"
"'3","'LINE","'3294","'99.83941650"
"'3","'LINE","'3296","'99.79900360"
"'3","'LINE","'3317","'99.73940277"
"'3","'LINE","'3465","'99.81620789"
"'3","'LINE","'3466","'99.61524963"
"'3","'LINE","'3480","'99.60494232"
"'3","'LINE","'3484","'99.67919159"
"'3","'LINE","'3502","'99.72467804"
"'3","'LINE","'3525","'99.83314514"
"'3","'LINE","'3565","'99.68678284"
"'3","'LINE","'3569","'99.65784454"
"'3","'LINE","'3770","'99.57115936"
"'3","'LINE","'3788","'97.79481506"
"'3","'LINE","'3879","'99.36910248"
"'3","'LINE","'3937","'99.65167236"
"'3","'LINE","'3951","'99.64910126"
"'3","'LINE","'4055","'99.48931122"
"'3","'LINE","'4063","'99.03759766"
"'3","'LINE","'4087","'99.56288910"
"'3","'LINE","'4091","'99.66022491"
"'3","'LINE","'4124","'99.65805817"
"'3","'LINE","'4170","'99.19058990"
"'3","'LINE","'4207","'99.49735260"
"'3","'LINE","'4262","'99.55761719"
"'3","'LINE","'4391","'99.56444550"
"'3","'LINE","'4394","'99.65422821"
"'3","'LINE","'4395","'99.63378906"
"'3","'LINE","'4405","'98.86087799"
"'3","'LINE","'4419","'99.11441040"
"'3","'LINE","'4513","'99.07038879"
"'3","'LINE","'4656","'99.21747589"
"'3","'LINE","'4660","'99.61813354"
"'3","'LINE","'4695","'99.48480225"
"'3","'LINE","'4703","'99.55303955"
"'3","'LINE","'4714","'99.75495148"
"'3","'LINE","'4719","'99.29669189"
"'3","'LINE","'4752","'99.69344330"
"'3","'LINE","'4757","'99.60791016"
"'3","'LINE","'4778","'99.62331390"
"'3","'LINE","'4779","'99.60988617"
"'3","'LINE","'4790","'99.03589630"
"'3","'LINE","'4800","'99.40679932"
"'3","'LINE","'4872","'99.65097046"
"'3","'LINE","'4910","'99.60312653"
"'3","'LINE","'4927","'99.49089813"
"'3","'LINE","'5074","'99.35874176"
"'3","'LINE","'5092","'99.20965576"
"'3","'LINE","'5124","'99.29333496"
"'3","'LINE","'5170","'98.81890106"
"'3","'LINE","'5203","'99.46839142"
"'3","'LINE","'5212","'99.31346130"
"'3","'LINE","'5356","'99.08770752"
"'3","'LINE","'5357","'99.50860596"
"'3","'LINE","'5464","'99.48078156"
"'3","'LINE","'5519","'99.11750793"
"'3","'LINE","'5576","'99.69073486"
"'3","'LINE","'5626","'99.27989960"
"'3","'LINE","'5632","'99.28688812"
"'3","'LINE","'5673","'99.03556061"
"'3","'LINE","'5676","'98.76470947"
"'3","'LINE","'5708","'98.69432068"
"'3","'LINE","'5712","'99.22908783"
"'3","'LINE","'5875","'99.52137756"
"'3","'LINE","'5882","'99.50655365"
"'3","'LINE","'5883","'99.49418640"
"'3","'LINE","'5893","'99.42866516"
"'3","'LINE","'5912","'99.57611847"
"'3","'LINE","'6066","'99.60528564"
"'3","'LINE","'6067","'98.93567657"
"'3","'LINE","'6149","'99.21287537"
"'3","'LINE","'6154","'99.09343719"
"'3","'LINE","'6314","'99.11224365"
"'3","'LINE","'6315","'99.70999146"
"'3","'LINE","'6348","'99.71643066"
"'3","'LINE","'6368","'99.41011810"
"'3","'LINE","'6371","'99.68940735"
"'3","'LINE","'6388","'99.01082611"
"'3","'LINE","'6418","'99.74853516"
"'3","'LINE","'6475","'99.54510498"
"'3","'LINE","'6486","'99.42955017"
"'3","'LINE","'6496","'99.68354797"
"'3","'LINE","'6510","'99.60498810"
"'3","'LINE","'6536","'97.46007538"
"'3","'LINE","'6662","'99.34857178"
"'3","'LINE","'6695","'99.29753876"
"'3","'LINE","'6699","'99.27510071"
"'3","'LINE","'6712","'99.44101715"
"'3","'LINE","'6717","'99.34740448"
"'3","'LINE","'6789","'99.60942078"
"'3","'LINE","'6822","'99.65850830"
"'3","'LINE","'6855","'99.71131897"
"'3","'LINE","'6862","'98.99915314"
"'3","'LINE","'6863","'99.27981567"
"'3","'LINE","'6864","'99.48597717"
"'3","'LINE","'6879","'99.18733978"
"'3","'LINE","'6916","'99.52661133"
"'3","'LINE","'6917","'99.67557526"
"'3","'LINE","'6930","'99.78949738"
"'3","'LINE","'6934","'99.85725403"
"'3","'LINE","'6952","'99.67895508"
"'3","'LINE","'6967","'99.61721802"
"'3","'LINE","'7039","'62.86465454"
"'3","'LINE","'7066","'83.77641296"
"'3","'LINE","'7129","'98.12231445"
"'3","'LINE","'7139","'99.05832672"
"'3","'LINE","'7145","'99.15378571"
"'3","'LINE","'7177","'98.87962341"
"'3","'LINE","'7196","'98.96986389"
"'3","'LINE","'7217","'99.78725433"
"'3","'LINE","'7266","'99.61495209"
"'3","'LINE","'7299","'93.29167938"
"'3","'LINE","'7333","'99.48764801"
"'3","'LINE","'7379","'98.44560242"
"'3","'LINE","'7405","'99.17684937"
"'3","'LINE","'7419","'99.02765656"
"'3","'LINE","'7429","'99.61064148"
"'3","'LINE","'7430","'98.85873413"
"'3","'LINE","'7482","'96.57449341"
"'3","'LINE","'7486","'98.92912292"
"'3","'LINE","'7487","'99.29376984"
"'3","'LINE","'7521","'99.46904755"
"'3","'LINE","'7526","'99.71634674"
"'3","'LINE","'7779","'99.52385712"
"'3","'LINE","'PUSHEM","'94.95513153"
"'3","'LINE","'49#","'52.20001221"
"'3","'LINE","'6362","'99.60668945"
"'3","'LINE","'PUSHM","'98.66450500"
"'3","'LINE","'48#","'98.77455139"
"'3","'LINE","'2160","'99.18949890"
"'3","'LINE","'2161","'99.59757996"
"'3","'LINE","'3505","'99.51700592"
"'3","'LINE","'4309","'99.03005981"
"'3","'LINE","'4710","'99.33462524"
"'3","'LINE","'4711","'99.69251251"
"'3","'LINE","'6356","'99.61144257"
"'3","'LINE","'6359","'99.66818237"
"'3","'LINE","'6362","'99.44873810"
"'3","'LINE","'6363","'99.20485687"
"'3","'LINE","'6491","'99.76345062"
"'3","'LINE","'7090","'97.78859711"
"'3","'LINE","'7372","'98.97383118"
"'3","'LINE","'7408","'86.60105133"
"'3","'LINE","'7420","'95.88493347"
"'3","'LINE","'PUSHR","'99.16302490"
"'3","'LINE","'54#","'99.72039032"
"'3","'LINE","'RAL","'99.76202393"
"'3","'LINE","'4552","'99.88712311"
"'3","'LINE","'RC","'99.57951355"
"'3","'LINE","'3115","'99.08771515"
"'3","'LINE","'3339","'99.84783173"
"'3","'LINE","'4577","'99.48954010"
"'3","'LINE","'6850","'99.48488617"
"'3","'LINE","'7228","'99.59161377"
"'3","'LINE","'RET","'99.67745209"
"'3","'LINE","'832","'99.58274078"
"'3","'LINE","'856","'98.18900299"
"'3","'LINE","'880","'98.96033478"
"'3","'LINE","'1838","'99.31275940"
"'3","'LINE","'2267","'99.75441742"
"'3","'LINE","'2457","'99.81534576"
"'3","'LINE","'2625","'99.66085052"
"'3","'LINE","'2653","'99.64478302"
"'3","'LINE","'2980","'99.83567810"
"'3","'LINE","'2993","'99.90731812"
"'3","'LINE","'3083","'99.59073639"
"'3","'LINE","'3100","'99.76062775"
"'3","'LINE","'3107","'99.55487061"
"'3","'LINE","'3119","'99.74408722"
"'3","'LINE","'3159","'99.56711578"
"'3","'LINE","'3544","'99.90652466"
"'3","'LINE","'3579","'99.76979828"
"'3","'LINE","'4034","'99.57644653"
"'3","'LINE","'4267","'99.67205811"
"'3","'LINE","'4873","'99.39993286"
"'3","'LINE","'5060","'99.29830170"
"'3","'LINE","'5087","'99.49407959"
"'3","'LINE","'5119","'98.16123962"
"'3","'LINE","'5244","'99.49549103"
"'3","'LINE","'5593","'99.77941895"
"'3","'LINE","'5752","'99.45035553"
"'3","'LINE","'6204","'99.49159241"
"'3","'LINE","'6412","'99.58152771"
"'3","'LINE","'6502","'99.72849274"
"'3","'LINE","'6613","'99.49304199"
"'3","'LINE","'6686","'99.27490234"
"'3","'LINE","'6865","'99.27156830"
"'3","'LINE","'7058","'98.19170380"
"'3","'LINE","'7076","'96.44106293"
"'3","'LINE","'7230","'99.69850922"
"'3","'LINE","'7256","'99.47317505"
"'3","'LINE","'7290","'97.58217621"
"'3","'LINE","'7352","'99.00145721"
"'3","'LINE","'7393","'98.79195404"
"'3","'LINE","'7556","'99.75056458"
"'3","'LINE","'7794","'99.68968201"
"'3","'LINE","'RLC","'99.30081940"
"'3","'LINE","'2943","'99.58393097"
"'3","'LINE","'4908","'98.84918213"
"'3","'LINE","'5122","'99.25018311"
"'3","'LINE","'RNC","'99.86298370"
"'3","'LINE","'797","'99.08719635"
"'3","'LINE","'1856","'99.35145569"
"'3","'LINE","'2169","'99.61513519"
"'3","'LINE","'2965","'99.65418243"
"'3","'LINE","'3178","'99.11004639"
"'3","'LINE","'4582","'99.77893066"
"'3","'LINE","'4613","'98.96958923"
"'3","'LINE","'4776","'99.76265717"
"'3","'LINE","'5380","'99.49323273"
"'3","'LINE","'6858","'99.38352966"
"'3","'LINE","'7222","'97.34335327"
"'3","'LINE","'RNZ","'99.66197968"
"'3","'LINE","'829","'99.11783600"
"'3","'LINE","'1744","'99.43995667"
"'3","'LINE","'2177","'99.71371460"
"'3","'LINE","'2645","'99.59146118"
"'3","'LINE","'3001","'99.75508118"
"'3","'LINE","'3010","'99.52260590"
"'3","'LINE","'3014","'99.76426697"
"'3","'LINE","'3061","'99.69026184"
"'3","'LINE","'3088","'99.69510651"
"'3","'LINE","'3215","'99.69477844"
"'3","'LINE","'3352","'99.82411194"
"'3","'LINE","'3608","'99.48310089"
"'3","'LINE","'6426","'99.49578857"
"'3","'LINE","'7034","'96.93460846"
"'3","'LINE","'7304","'93.84914398"
"'3","'LINE","'RST","'99.55857849"
"'3","'LINE","'1763","'99.10839844"
"'3","'LINE","'1795","'98.99891663"
"'3","'LINE","'1853","'99.65799713"
"'3","'LINE","'1964","'99.60287476"
"'3","'LINE","'1986","'99.69017792"
"'3","'LINE","'2113","'99.34751892"
"'3","'LINE","'2160","'99.45644379"
"'3","'LINE","'2161","'99.41062927"
"'3","'LINE","'2163","'99.85990143"
"'3","'LINE","'2271","'99.86688232"
"'3","'LINE","'2274","'99.88851929"
"'3","'LINE","'2355","'99.80466461"
"'3","'LINE","'2470","'99.81153870"
"'3","'LINE","'2475","'99.57295227"
"'3","'LINE","'2534","'99.73291779"
"'3","'LINE","'2779","'99.72314453"
"'3","'LINE","'2828","'99.66088867"
"'3","'LINE","'2914","'99.84951782"
"'3","'LINE","'2920","'99.71236420"
"'3","'LINE","'2924","'99.86766815"
"'3","'LINE","'3144","'99.63150787"
"'3","'LINE","'3177","'99.23135376"
"'3","'LINE","'3184","'99.55558014"
"'3","'LINE","'3214","'99.76997375"
"'3","'LINE","'3236","'99.84930420"
"'3","'LINE","'3321","'99.93172455"
"'3","'LINE","'3458","'99.69075775"
"'3","'LINE","'3505","'99.56909180"
"'3","'LINE","'3510","'99.76031494"
"'3","'LINE","'3518","'99.63251495"
"'3","'LINE","'3594","'99.82867432"
"'3","'LINE","'3659","'99.41117859"
"'3","'LINE","'3700","'99.46935272"
"'3","'LINE","'3723","'99.84632111"
"'3","'LINE","'3746","'99.75393677"
"'3","'LINE","'3836","'98.87859344"
"'3","'LINE","'3865","'99.59097290"
"'3","'LINE","'3868","'99.65071869"
"'3","'LINE","'3881","'99.65518188"
"'3","'LINE","'3944","'99.90926361"
"'3","'LINE","'3976","'99.45905304"
"'3","'LINE","'3982","'99.56073761"
"'3","'LINE","'4053","'99.51710510"
"'3","'LINE","'4111","'98.93186951"
"'3","'LINE","'4151","'99.62992096"
"'3","'LINE","'4180","'96.60824585"
"'3","'LINE","'4211","'99.60305023"
"'3","'LINE","'4227","'99.77976227"
"'3","'LINE","'4238","'99.53397369"
"'3","'LINE","'4309","'99.42066956"
"'3","'LINE","'4327","'99.71092224"
"'3","'LINE","'4459","'99.31035614"
"'3","'LINE","'4562","'99.61112976"
"'3","'LINE","'4710","'99.70915222"
"'3","'LINE","'4711","'99.79186249"
"'3","'LINE","'4998","'99.75294495"
"'3","'LINE","'5052","'99.32003021"
"'3","'LINE","'5058","'98.93955231"
"'3","'LINE","'5125","'98.75934601"
"'3","'LINE","'5153","'97.49147797"
"'3","'LINE","'5159","'97.83874512"
"'3","'LINE","'5498","'99.41025543"
"'3","'LINE","'5500","'99.37087250"
"'3","'LINE","'5545","'99.72121429"
"'3","'LINE","'5560","'99.63421631"
"'3","'LINE","'5598","'99.64018250"
"'3","'LINE","'5637","'99.16662598"
"'3","'LINE","'5732","'99.66342163"
"'3","'LINE","'5903","'99.56180573"
"'3","'LINE","'5928","'99.44591522"
"'3","'LINE","'6094","'99.78202820"
"'3","'LINE","'6150","'99.06423950"
"'3","'LINE","'6203","'99.38176727"
"'3","'LINE","'6319","'99.30226135"
"'3","'LINE","'6327","'96.12882996"
"'3","'LINE","'6329","'99.65724945"
"'3","'LINE","'6356","'99.42218018"
"'3","'LINE","'6359","'99.35511017"
"'3","'LINE","'6362","'99.60623169"
"'3","'LINE","'6363","'99.73967743"
"'3","'LINE","'6369","'99.48123932"
"'3","'LINE","'6394","'99.63855743"
"'3","'LINE","'6435","'99.59371948"
"'3","'LINE","'6491","'99.76386261"
"'3","'LINE","'6567","'99.06295776"
"'3","'LINE","'6600","'99.58662415"
"'3","'LINE","'6641","'99.75994110"
"'3","'LINE","'6676","'99.33117676"
"'3","'LINE","'6726","'99.35845947"
"'3","'LINE","'6742","'99.68103027"
"'3","'LINE","'6777","'99.18089294"
"'3","'LINE","'6815","'98.92285156"
"'3","'LINE","'6847","'99.69905853"
"'3","'LINE","'6853","'99.47499084"
"'3","'LINE","'7031","'99.11519623"
"'3","'LINE","'7048","'96.44022369"
"'3","'LINE","'7090","'98.41595459"
"'3","'LINE","'7205","'97.24002075"
"'3","'LINE","'7210","'99.17023468"
"'3","'LINE","'7270","'99.25956726"
"'3","'LINE","'7274","'82.54929352"
"'3","'LINE","'7294","'99.38941193"
"'3","'LINE","'7324","'99.74508667"
"'3","'LINE","'7328","'99.14331055"
"'3","'LINE","'7350","'99.02244568"
"'3","'LINE","'7372","'98.41121674"
"'3","'LINE","'7408","'99.49597168"
"'3","'LINE","'7420","'99.49565887"
"'3","'LINE","'7423","'99.76724243"
"'3","'LINE","'7442","'99.27915955"
"'3","'LINE","'7546","'99.39102173"
"'3","'LINE","'7787","'99.60665894"
"'3","'LINE","'RZ","'99.36766052"
"'3","'LINE","'1768","'99.39656830"
"'3","'LINE","'1798","'98.94227600"
"'3","'LINE","'2158","'99.71128082"
"'3","'LINE","'2167","'99.26945496"
"'3","'LINE","'2929","'99.83361816"
"'3","'LINE","'3402","'99.78253174"
"'3","'LINE","'3404","'99.74209595"
"'3","'LINE","'3722","'99.28785706"
"'3","'LINE","'3751","'99.77748871"
"'3","'LINE","'3876","'99.53558350"
"'3","'LINE","'5372","'99.60511017"
"'3","'LINE","'5376","'99.33796692"
"'3","'LINE","'5499","'99.60617065"
"'3","'LINE","'5581","'98.90898132"
"'3","'LINE","'5586","'99.56894684"
"'3","'LINE","'5590","'99.58197021"
"'3","'LINE","'6639","'99.32058716"
"'3","'LINE","'6841","'99.58995819"
"'3","'LINE","'6873","'98.02433014"
"'3","'LINE","'6989","'99.79524994"
"'3","'LINE","'7470","'98.96151733"
"'3","'LINE","'SBB","'83.66843414"
"'3","'LINE","'3224","'99.86214447"
"'3","'LINE","'5402","'99.07866669"
"'3","'LINE","'6267","'99.64507294"
"'3","'LINE","'SHLD","'96.57887268"
"'3","'LINE","'870","'99.61084747"
"'3","'LINE","'1871","'99.60791779"
"'3","'LINE","'1950","'99.63550568"
"'3","'LINE","'2029","'99.84455109"
"'3","'LINE","'2191","'99.74044037"
"'3","'LINE","'2207","'99.82568359"
"'3","'LINE","'2214","'99.88717651"
"'3","'LINE","'2223","'99.83946228"
"'3","'LINE","'2226","'99.89044189"
"'3","'LINE","'2246","'99.88674927"
"'3","'LINE","'2253","'99.72476959"
"'3","'LINE","'2868","'99.58009338"
"'3","'LINE","'2900","'99.22672272"
"'3","'LINE","'2989","'99.93368530"
"'3","'LINE","'3015","'99.29965210"
"'3","'LINE","'3030","'99.29946136"
"'3","'LINE","'3036","'69.31568146"
"'3","'LINE","'3079","'99.49739838"
"'3","'LINE","'3241","'99.71464539"
"'3","'LINE","'3368","'99.78741455"
"'3","'LINE","'3473","'99.79642487"
"'3","'LINE","'4323","'99.77103424"
"'3","'LINE","'4375","'99.72239685"
"'3","'LINE","'4436","'99.73543549"
"'3","'LINE","'4521","'99.79213715"
"'3","'LINE","'4559","'99.48294830"
"'3","'LINE","'4572","'99.78939056"
"'3","'LINE","'4886","'99.72946167"
"'3","'LINE","'4890","'99.80153656"
"'3","'LINE","'4944","'99.52415466"
"'3","'LINE","'4982","'99.91519928"
"'3","'LINE","'4986","'99.67987823"
"'3","'LINE","'5102","'98.15293121"
"'3","'LINE","'5446","'99.71624756"
"'3","'LINE","'5719","'99.43740082"
"'3","'LINE","'5726","'99.41188049"
"'3","'LINE","'5905","'99.41593933"
"'3","'LINE","'5909","'99.23342133"
"'3","'LINE","'6038","'99.31532288"
"'3","'LINE","'6088","'99.54821014"
"'3","'LINE","'6584","'99.47541809"
"'3","'LINE","'6608","'99.20244598"
"'3","'LINE","'6680","'99.54178619"
"'3","'LINE","'6706","'99.52312469"
"'3","'LINE","'6806","'64.21170044"
"'3","'LINE","'7035","'98.92062378"
"'3","'LINE","'7054","'96.26984406"
"'3","'LINE","'7553","'99.70816040"
"'3","'LINE","'SPHL","'99.28039551"
"'3","'LINE","'2241","'99.92488861"
"'3","'LINE","'2755","'99.82765961"
"'3","'LINE","'3359","'99.87601471"
"'3","'LINE","'4389","'99.83906555"
"'3","'LINE","'4445","'99.64242554"
"'3","'LINE","'STA","'99.46392822"
"'3","'LINE","'1888","'99.43299866"
"'3","'LINE","'1944","'99.61682892"
"'3","'LINE","'2263","'99.83150482"
"'3","'LINE","'2291","'99.79034424"
"'3","'LINE","'2408","'99.52502441"
"'3","'LINE","'2608","'99.61153412"
"'3","'LINE","'2650","'99.76311493"
"'3","'LINE","'2734","'99.72949219"
"'3","'LINE","'3042","'99.83688354"
"'3","'LINE","'3097","'95.94820404"
"'3","'LINE","'3104","'99.54965210"
"'3","'LINE","'3861","'99.61266327"
"'3","'LINE","'3873","'99.69227600"
"'3","'LINE","'4043","'99.58238220"
"'3","'LINE","'4097","'98.26490021"
"'3","'LINE","'4824","'99.77986908"
"'3","'LINE","'4932","'99.81011963"
"'3","'LINE","'5530","'99.54151917"
"'3","'LINE","'5595","'99.71242523"
"'3","'LINE","'5623","'99.36424255"
"'3","'LINE","'6029","'99.55541992"
"'3","'LINE","'6439","'99.63254547"
"'3","'LINE","'6590","'98.45459747"
"'3","'LINE","'7242","'99.81845856"
"'3","'LINE","'7318","'99.63018036"
"'3","'LINE","'7321","'99.65882874"
"'3","'LINE","'STAX","'99.57470703"
"'3","'LINE","'1797","'99.22321320"
"'3","'LINE","'2394","'99.81863403"
"'3","'LINE","'2428","'99.74907684"
"'3","'LINE","'2452","'99.83368683"
"'3","'LINE","'2454","'99.84284210"
"'3","'LINE","'2456","'99.62148285"
"'3","'LINE","'3529","'99.81136322"
"'3","'LINE","'6991","'99.27652740"
"'3","'LINE","'7469","'98.82965851"
"'3","'LINE","'7503","'99.59257507"
"'3","'LINE","'7543","'99.64025116"
"'3","'LINE","'7793","'99.71369934"
"'3","'LINE","'SUB","'99.77558136"
"'3","'LINE","'828","'98.05183411"
"'3","'LINE","'831","'99.73434448"
"'3","'LINE","'3221","'99.86384583"
"'3","'LINE","'4425","'99.50910187"
"'3","'LINE","'6264","'99.55991364"
"'3","'LINE","'7179","'97.51856232"
"'3","'LINE","'7225","'99.36183167"
"'3","'LINE","'SUI","'99.73674774"
"'3","'LINE","'2398","'99.78157806"
"'3","'LINE","'2411","'99.54368591"
"'3","'LINE","'2931","'99.86277771"
"'3","'LINE","'3195","'99.17700195"
"'3","'LINE","'3418","'99.81240845"
"'3","'LINE","'3923","'99.78319550"
"'3","'LINE","'4539","'99.64944458"
"'3","'LINE","'4575","'99.78554535"
"'3","'LINE","'5044","'99.13342285"
"'3","'LINE","'6175","'98.68218994"
"'3","'LINE","'7480","'99.32006836"
"'3","'LINE","'SYNCHK","'99.82974243"
"'3","'LINE","'42#","'99.58876801"
"'3","'LINE","'2113","'99.73869324"
"'3","'LINE","'2779","'99.40216064"
"'3","'LINE","'3458","'99.76384735"
"'3","'LINE","'3594","'99.84136200"
"'3","'LINE","'3659","'99.55078125"
"'3","'LINE","'3944","'99.71346283"
"'3","'LINE","'4053","'99.04797363"
"'3","'LINE","'4111","'99.18497467"
"'3","'LINE","'5052","'98.59859467"
"'3","'LINE","'5058","'98.97274780"
"'3","'LINE","'5153","'97.80522919"
"'3","'LINE","'5159","'96.81411743"
"'3","'LINE","'5500","'99.77992249"
"'3","'LINE","'5903","'99.23160553"
"'3","'LINE","'6319","'99.69789124"
"'3","'LINE","'6327","'99.70758820"
"'3","'LINE","'6329","'99.67979431"
"'3","'LINE","'6435","'99.64592743"
"'3","'LINE","'7205","'99.13069153"
"'3","'LINE","'7210","'99.47369385"
"'3","'LINE","'7274","'99.59375000"
"'3","'LINE","'7294","'98.70521545"
"'3","'LINE","'7324","'99.66212463"
"'3","'LINE","'7787","'99.56385803"
"'3","'LINE","'XCHG","'98.05825043"
"'3","'LINE","'1758","'99.48976898"
"'3","'LINE","'1762","'99.52791595"
"'3","'LINE","'1847","'99.35586548"
"'3","'LINE","'1854","'99.87479401"
"'3","'LINE","'2032","'99.78726959"
"'3","'LINE","'2084","'99.69686127"
"'3","'LINE","'2088","'99.62821960"
"'3","'LINE","'2124","'99.73770142"
"'3","'LINE","'2381","'99.68756866"
"'3","'LINE","'2392","'99.82899475"
"'3","'LINE","'2438","'99.77432251"
"'3","'LINE","'2444","'99.69418335"
"'3","'LINE","'2757","'99.87352753"
"'3","'LINE","'2899","'99.77407074"
"'3","'LINE","'2923","'99.62957764"
"'3","'LINE","'2947","'99.82312012"
"'3","'LINE","'2956","'99.82503510"
"'3","'LINE","'2984","'99.91089630"
"'3","'LINE","'2992","'99.82221985"
"'3","'LINE","'3075","'99.61563110"
"'3","'LINE","'3082","'99.77143097"
"'3","'LINE","'3157","'98.74121857"
"'3","'LINE","'3201","'99.75215912"
"'3","'LINE","'3240","'99.62928009"
"'3","'LINE","'3535","'99.77104950"
"'3","'LINE","'4202","'99.61779785"
"'3","'LINE","'4252","'99.46111298"
"'3","'LINE","'4322","'99.77018738"
"'3","'LINE","'4326","'99.54133606"
"'3","'LINE","'4435","'99.62084961"
"'3","'LINE","'5098","'99.19617462"
"'3","'LINE","'5164","'98.60643005"
"'3","'LINE","'5171","'97.31054688"
"'3","'LINE","'5175","'97.10378265"
"'3","'LINE","'5633","'98.90354156"
"'3","'LINE","'5746","'99.45284271"
"'3","'LINE","'5889","'99.26473236"
"'3","'LINE","'5894","'99.71217346"
"'3","'LINE","'5923","'99.50949860"
"'3","'LINE","'5927","'99.18508911"
"'3","'LINE","'6071","'99.45867157"
"'3","'LINE","'6080","'99.50396729"
"'3","'LINE","'6112","'99.34797668"
"'3","'LINE","'6198","'99.39292908"
"'3","'LINE","'6212","'99.24091339"
"'3","'LINE","'6239","'99.65950012"
"'3","'LINE","'6561","'98.93756104"
"'3","'LINE","'6666","'99.03754425"
"'3","'LINE","'6684","'99.57021332"
"'3","'LINE","'6721","'99.39550781"
"'3","'LINE","'6725","'99.22351837"
"'3","'LINE","'6737","'99.66954803"
"'3","'LINE","'6741","'99.56445313"
"'3","'LINE","'6772","'99.65032196"
"'3","'LINE","'6776","'99.44866180"
"'3","'LINE","'6810","'99.37705994"
"'3","'LINE","'6814","'99.65017700"
"'3","'LINE","'6956","'99.69449615"
"'3","'LINE","'7020","'98.47664642"
"'3","'LINE","'7032","'98.68637848"
"'3","'LINE","'7190","'98.98542023"
"'3","'LINE","'7293","'99.52545929"
"'3","'LINE","'7337","'98.83018494"
"'3","'LINE","'7422","'99.50854492"
"'3","'LINE","'7431","'99.50552368"
"'3","'LINE","'7537","'99.76295471"
"'3","'LINE","'XRA","'98.85001373"
"'3","'LINE","'1887","'99.68814087"
"'3","'LINE","'1943","'99.81803131"
"'3","'LINE","'2078","'99.45350647"
"'3","'LINE","'2290","'99.76652527"
"'3","'LINE","'3041","'99.75182343"
"'3","'LINE","'3103","'99.55460358"
"'3","'LINE","'3527","'99.76374817"
"'3","'LINE","'3880","'99.77727509"
"'3","'LINE","'4096","'99.46916962"
"'3","'LINE","'4553","'99.70276642"
"'3","'LINE","'5377","'99.45321655"
"'3","'LINE","'5529","'99.42216492"
"'3","'LINE","'5540","'99.47287750"
"'3","'LINE","'5622","'99.37391663"
"'3","'LINE","'6270","'99.59557343"
"'3","'LINE","'6759","'99.69974518"
"'3","'LINE","'6825","'98.66439819"
"'3","'LINE","'7070","'94.84018707"
"'3","'LINE","'7126","'99.09856415"
"'3","'LINE","'7282","'99.53588867"
"'3","'LINE","'XTHL","'98.74770355"
"'3","'LINE","'765","'99.35725403"
"'3","'LINE","'770","'96.70793915"
"'3","'LINE","'869","'99.54889679"
"'3","'LINE","'1793","'99.38809204"
"'3","'LINE","'1821","'99.65196228"
"'3","'LINE","'1825","'99.71454620"
"'3","'LINE","'2020","'99.83039856"
"'3","'LINE","'2126","'99.78915405"
"'3","'LINE","'2743","'99.90696716"
"'3","'LINE","'2768","'99.55072784"
"'3","'LINE","'2775","'99.74452972"
"'3","'LINE","'2837","'99.73189545"
"'3","'LINE","'3290","'99.73388672"
"'3","'LINE","'3374","'99.67449188"
"'3","'LINE","'3471","'99.75537109"
"'3","'LINE","'4108","'99.38326263"
"'3","'LINE","'4117","'99.27442932"
"'3","'LINE","'4206","'99.44532776"
"'3","'LINE","'4236","'99.68622589"
"'3","'LINE","'4403","'99.14375305"
"'3","'LINE","'5168","'97.10660553"
"'3","'LINE","'5177","'97.82928467"
"'3","'LINE","'5187","'98.68097687"
"'3","'LINE","'5879","'99.42065430"
"'3","'LINE","'5891","'99.60001373"
"'3","'LINE","'6147","'98.15841675"
"'3","'LINE","'6333","'99.81797028"
"'3","'LINE","'6354","'99.54478455"
"'3","'LINE","'6559","'99.18424225"
"'3","'LINE","'6852","'99.41850281"
"'3","'LINE","'6854","'99.18323517"
"'3","'LINE","'6921","'99.78565979"
"'3","'LINE","'6925","'99.80159760"
"'3","'LINE","'6948","'99.76487732"
"'3","'LINE","'6966","'99.48898315"
"'3","'LINE","'6974","'99.46557617"
"'3","'LINE","'7127","'99.19915009"
"'3","'LINE","'7213","'99.70518494"
"'3","'LINE","'7378","'99.30924988"
"'3","'LINE","'7421","'99.74539185"
"'3","'LINE","'7428","'99.42816162"
"'3","'LINE","'7536","'99.61254883"
"'3","'LINE","'7783","'99.68479919"
"'4","'LINE","'MATHPK FOR BASIC MCS 8080 GATES/ALLEN/DAVIDOFF MACRO 47 (113) 06:09 27-AUG-75 PAGE 1","'96.09420013"
"'4","'LINE","'C","'95.33065033"
"'4","'LINE","'23-AUG-64 05:46","'99.10058594"
"'4","'LINE","'COMMON FILE","'99.59162903"
"'4","'LINE","'1","'99.06245422"
"'4","'LINE","'00100","'98.88832092"
"'4","'LINE","'SEARCH MCS808","'99.04061127"
"'4","'LINE","';THE UNIVERSAL FILE","'98.69620514"
"'4","'LINE","'2","'99.79464722"
"'4","'LINE","'00200","'98.12587738"
"'4","'LINE","'SUBTTL COMMON FILE","'97.86787415"
"'4","'LINE","'3","'99.79759216"
"'4","'LINE","'00300","'99.39324951"
"'4","'LINE","'SALL","'99.12213898"
"'4","'LINE","'4","'99.60808563"
"'4","'LINE","'000001","'99.18320465"
"'4","'LINE","'00400","'96.93778992"
"'4","'LINE","'LENGTH==1","'99.22566986"
"'4","'LINE","'; 0 MEANS 4K, 1 MEANS 8K, 2 MEANS 12K","'95.60458374"
"'4","'LINE","'5","'99.41777802"
"'4","'LINE","'000001","'97.10094452"
"'4","'LINE","'00500","'99.20361328"
"'4","'LINE","'REALIO==1","'78.43486786"
"'4","'LINE","'6","'99.66854095"
"'4","'LINE","'000001","'94.01605988"
"'4","'LINE","'00600","'98.83160400"
"'4","'LINE","'CASSW==1","'96.12261200"
"'4","'LINE","'ICASSETTE SWITCH (CSAVE,CLOAD)","'82.83578491"
"'4","'LINE","'7","'98.94038391"
"'4","'LINE","'000000","'88.58162689"
"'4","'LINE","'00700","'98.50988770"
"'4","'LINE","'LPTSW==0","'87.43431854"
"'4","'LINE","'8","'99.67640686"
"'4","'LINE","'000600","'38.93630600"
"'4","'LINE","'00800","'96.84307861"
"'4","'LINE","'DSKFUN==0","'63.70088959"
"'4","'LINE","'ION TO READ/WRITE","'83.03778839"
"'4","'LINE","'9","'99.74816895"
"'4","'LINE","'000000","'98.23525238"
"'4","'LINE","'00900","'97.85266876"
"'4","'LINE","'CONSSW==0","'95.57375336"
"'4","'LINE","'10","'99.84030914"
"'4","'LINE","'11","'97.45424652"
"'4","'LINE","'000001","'98.80471802"
"'4","'LINE","'01100","'97.89488983"
"'4","'LINE","'CONTRW==1","'85.21538544"
"'4","'LINE","'FALLOW -0","'46.24743652"
"'4","'LINE","'12","'99.75334167"
"'4","'LINE","'01200","'99.43701172"
"'4","'LINE","'IFE","'99.38967896"
"'4","'LINE","'REALIO,<","'61.84902954"
"'4","'LINE","'13","'99.74538422"
"'4","'LINE","'01300","'99.56202698"
"'4","'LINE","'LPTSW==0","'84.02602386"
"'4","'LINE","';SIMULATOR DEFAULTS","'97.38552856"
"'4","'LINE","'14","'99.63105774"
"'4","'LINE","'01400","'99.04030609"
"'4","'LINE","'CASSW==0","'85.06667328"
"'4","'LINE","'15","'99.60428619"
"'4","'LINE","'01500","'99.16952515"
"'4","'LINE","'CONSSW==0","'96.66426086"
"'4","'LINE","'16","'99.71857452"
"'4","'LINE","'01600","'99.03704834"
"'4","'LINE","'DSKFUN==0","'84.43558502"
"'4","'LINE","'17","'99.15950012"
"'4","'LINE","'01700","'99.29520416"
"'4","'LINE","'CONTRW==0>","'87.71298981"
"'4","'LINE","'18","'99.47097778"
"'4","'LINE","'19","'98.80915070"
"'4","'LINE","'01900","'99.04691315"
"'4","'LINE","'IFE","'99.30004120"
"'4","'LINE","'LENGTH, <","'93.55490112"
"'4","'LINE","'20","'99.84211731"
"'4","'LINE","'02000","'98.20083618"
"'4","'LINE","'EXTENC==0","'54.61565399"
"'4","'LINE","';","'58.86612701"
"'4","'LINE","'ON MEANS EXTENDED FUNCTIONS","'99.59617615"
"'4","'LINE","'21","'99.92600250"
"'4","'LINE","'02100","'99.06253052"
"'4","'LINE","'MULDIM==0","'91.86003876"
"'4","'LINE","', ON MEANS MULTIPLE DIMENSIONED ARRAYS ALLOWED","'92.23915100"
"'4","'LINE","'22","'99.91971588"
"'4","'LINE","'02200","'99.61802673"
"'4","'LINE","'STRING==0","'82.54351044"
"'4","'LINE","'; ON MEANS STRINGS ALLOWED","'95.89061737"
"'4","'LINE","'23","'99.89788055"
"'4","'LINE","'02300","'99.57759094"
"'4","'LINE","'CASSW==0","'95.78727722"
"'4","'LINE","'24","'99.92829895"
"'4","'LINE","'02400","'99.65381622"
"'4","'LINE","'LPTSW==0","'69.92780304"
"'4","'LINE","'25","'99.91525269"
"'4","'LINE","'02500","'99.58423615"
"'4","'LINE","'DSFFUN==0","'87.06375122"
"'4","'LINE","'26","'99.83242035"
"'4","'LINE","'02600","'99.02922058"
"'4","'LINE","'CONSSW==0","'92.08885193"
"'4","'LINE","'27","'99.86477661"
"'4","'LINE","'02700","'98.48644257"
"'4","'LINE","'CONTRW==0>","'80.76638031"
"'4","'LINE","'28","'99.84243011"
"'4","'LINE","'29","'99.87660217"
"'4","'LINE","'02900","'97.44157410"
"'4","'LINE","'IFE","'99.05835724"
"'4","'LINE","'LENGTH=1,<","'58.61415863"
"'4","'LINE","'30","'99.87902832"
"'4","'LINE","'000001","'81.02504730"
"'4","'LINE","'03000","'99.53892517"
"'4","'LINE","'EXTENC==1","'55.31633377"
"'4","'LINE","'31","'99.81916046"
"'4","'LINE","'000001","'75.42450714"
"'4","'LINE","'03100","'98.77389526"
"'4","'LINE","'MULDIM==1","'92.42004395"
"'4","'LINE","'32","'99.91215515"
"'4","'LINE","'000001","'75.02063751"
"'4","'LINE","'03200","'99.58410645"
"'4","'LINE","'STRING==1>","'73.11274719"
"'4","'LINE","'33","'99.84870911"
"'4","'LINE","'34","'99.64752197"
"'4","'LINE","'03400","'99.60844421"
"'4","'LINE","'IFE","'99.09877777"
"'4","'LINE","'LENGTH-2,<","'75.94310760"
"'4","'LINE","'35","'99.91577911"
"'4","'LINE","'03500","'99.56949615"
"'4","'LINE","'EXTENC==1","'64.89226532"
"'4","'LINE","'36","'99.92314911"
"'4","'LINE","'03600","'99.66423798"
"'4","'LINE","'MULDIM==1","'89.34364319"
"'4","'LINE","'37","'99.89010620"
"'4","'LINE","'03700","'99.05778503"
"'4","'LINE","'STRING==1>","'52.02595520"
"'4","'LINE","'38","'99.78552246"
"'4","'LINE","'39","'99.77066803"
"'4","'LINE","'03900","'99.37988281"
"'4","'LINE","'DEFINE","'99.41358185"
"'4","'LINE","'SYNCHK(A), <RST","'80.25474548"
"'4","'LINE","'1","'98.69426727"
"'4","'LINE","'40","'99.75963593"
"'4","'LINE","'04000","'99.43936920"
"'4","'LINE","'A>","'97.66899109"
"'4","'LINE","'41","'99.52093506"
"'4","'LINE","'04100","'99.48267365"
"'4","'LINE","'DEFINE","'99.28244019"
"'4","'LINE","'CHRGET, <RST","'68.25437927"
"'4","'LINE","'2>","'91.21871948"
"'4","'LINE","'42","'99.84053802"
"'4","'LINE","'04200","'98.91857910"
"'4","'LINE","'DEFINE","'99.43846130"
"'4","'LINE","'OUTCHR, <RST","'72.47560883"
"'4","'LINE","'3>","'91.32885742"
"'4","'LINE","'43","'99.74189758"
"'4","'LINE","'04300","'99.61181641"
"'4","'LINE","'DEFINE","'99.49651337"
"'4","'LINE","'COMPAR, <RST","'80.37513733"
"'4","'LINE","'4>","'86.21901703"
"'4","'LINE","'44","'99.54611969"
"'4","'LINE","'04400","'99.54306793"
"'4","'LINE","'DEFINE","'99.68810272"
"'4","'LINE","'FSIGN, <RST","'86.96343994"
"'4","'LINE","'5>","'89.35836029"
"'4","'LINE","'45","'99.86464691"
"'4","'LINE","'04500","'99.32383728"
"'4","'LINE","'DEFINE","'99.49630737"
"'4","'LINE","'PUSHM, <RST","'93.93788910"
"'4","'LINE","'6>","'88.83282471"
"'4","'LINE","'46","'99.85600281"
"'4","'LINE","'04600","'98.78686523"
"'4","'LINE","'DEFINE","'99.69177246"
"'4","'LINE","'PUSHEM, <PUSHM","'77.29414368"
"'4","'LINE","'47","'99.70429230"
"'4","'LINE","'04700","'99.46323395"
"'4","'LINE","'PUSHM>","'99.15208435"
"'4","'LINE","'48","'99.75476837"
"'4","'LINE","'04800","'99.38327789"
"'4","'LINE","'DEFINE","'99.74021149"
"'4","'LINE","'ACRLF, ,<","'55.49097061"
"'4","'LINE","'49","'99.70697784"
"'4","'LINE","'04900","'99.20214081"
"'4","'LINE","'""013","'56.53832626"
"'4","'LINE","'50","'99.80735779"
"'4","'LINE","'05000","'98.89975739"
"'4","'LINE","'IFN","'99.70257568"
"'4","'LINE","'STRING, <000>>","'59.85269547"
"'4","'LINE","'51","'99.52181244"
"'4","'LINE","'05100","'97.93856812"
"'4","'LINE","'DEFINE","'99.62108612"
"'4","'LINE","'PUSHR,<","'66.93875885"
"'4","'LINE","'52","'99.08013153"
"'4","'LINE","'05200","'98.97277069"
"'4","'LINE","'PUSH","'99.21369171"
"'4","'LINE","'D","'85.09980011"
"'4","'LINE","'53","'99.70351410"
"'4","'LINE","'05300","'99.41477203"
"'4","'LINE","'PUSH","'99.76383209"
"'4","'LINE","'B>","'63.61647415"
"'4","'LINE","'MATHPK FOR BASIC MCS 8080 GATES/ALLEN/DAVIDOFF MACRO 47 (113) 06:09 27-AUG-75 PAGE 1-1","'95.64956665"
"'4","'LINE","'C","'93.70573425"
"'4","'LINE","'23-AUG-64 05:46","'94.84220886"
"'4","'LINE","'COMMON FILE","'99.59547424"
"'4","'LINE","'54","'99.05206299"
"'4","'LINE","'05400","'98.53467560"
"'4","'LINE","'DEFINE","'99.40363312"
"'4","'LINE","'POPR,<","'72.04984283"
"'4","'LINE","'55","'99.82764435"
"'4","'LINE","'05500","'98.91470337"
"'4","'LINE","'POP","'99.33403778"
"'4","'LINE","'B","'81.23040771"
"'4","'LINE","'56","'99.32900238"
"'4","'LINE","'05600","'99.18511200"
"'4","'LINE","'POP","'99.69709778"
"'4","'LINE","'O>","'46.79678345"
"'4","'LINE","'57","'99.66920471"
"'4","'LINE","'05700","'99.22087097"
"'4","'LINE","'DEFINE","'99.61167908"
"'4","'LINE","'MOVRI (B, C,D,E),<","'69.57655334"
"'4","'LINE","'58","'99.49693298"
"'4","'LINE","'05800","'98.95969391"
"'4","'LINE","'XWD","'98.62284851"
"'4","'LINE","'""01000,""0001","'32.22313309"
"'4","'LINE","'"" ""LXI 8""","'74.97676849"
"'4","'LINE","'59","'99.54489899"
"'4","'LINE","'05900","'99.11810303"
"'4","'LINE","'EXP","'99.72963715"
"'4","'LINE","'C","'94.19408417"
"'4","'LINE","'60","'99.69906616"
"'4","'LINE","'06000","'97.92227173"
"'4","'LINE","'EXP","'99.74708557"
"'4","'LINE","'B","'89.86531830"
"'4","'LINE","'61","'98.15992737"
"'4","'LINE","'06100","'99.24031067"
"'4","'LINE","'XWD","'96.08924103"
"'4","'LINE","'01000,*0021","'26.66561890"
"'4","'LINE","'"" ""LXI D""","'69.46903229"
"'4","'LINE","'62","'99.75765228"
"'4","'LINE","'06200","'98.85334015"
"'4","'LINE","'EXP","'99.60879517"
"'4","'LINE","'E","'99.28203583"
"'4","'LINE","'63","'99.73883820"
"'4","'LINE","'06300","'99.09683990"
"'4","'LINE","'EXP","'99.62935638"
"'4","'LINE","'D>","'94.08421326"
"'4","'LINE","'64","'99.76360321"
"'4","'LINE","'65","'99.82072449"
"'4","'LINE","'06500","'98.58000183"
"'4","'LINE","'IF1,<","'58.17724609"
"'4","'LINE","'66","'99.67519379"
"'4","'LINE","'06600","'98.47377777"
"'4","'LINE","'IFE","'99.60144043"
"'4","'LINE","'LENGTH, <PRINTX /SMALL/>","'95.15970612"
"'4","'LINE","'67","'99.49682617"
"'4","'LINE","'06700","'97.58803558"
"'4","'LINE","'IFE","'98.70653534"
"'4","'LINE","'LENGTHe1,<PRINTX","'42.68799210"
"'4","'LINE","'/MEDIUM/>","'94.88423920"
"'4","'LINE","'68","'99.36469269"
"'4","'LINE","'06800","'98.14259338"
"'4","'LINE","'IFE","'99.40763092"
"'4","'LINE","'LENGTH-2,<PRINTX","'61.86445999"
"'4","'LINE","'/BIG/>","'36.00243759"
"'4","'LINE","'69","'99.62734222"
"'4","'LINE","'06900","'98.65911102"
"'4","'LINE","'IFE","'99.28520966"
"'4","'LINE","'REALIO,<PRINTX /SIMULATE/>","'72.41970825"
"'4","'LINE","'70","'89.80175018"
"'4","'LINE","'07000","'99.09442902"
"'4","'LINE","'IFN","'99.28452301"
"'4","'LINE","'REALIO,<PRINTX","'88.38039398"
"'4","'LINE","'/ON MACHINE/>","'95.62958527"
"'4","'LINE","'71","'97.49585724"
"'4","'LINE","'07100","'99.21985626"
"'4","'LINE","'IFN","'99.70866394"
"'4","'LINE","'CASSW, <PRINTX","'96.06646729"
"'4","'LINE","'/CASSETTE/>","'94.47329712"
"'4","'LINE","'72","'99.49791718"
"'4","'LINE","'07200","'99.43946838"
"'4","'LINE","'IFN","'99.66703796"
"'4","'LINE","'LPTSW, <PRINTX","'94.47768402"
"'4","'LINE","'/LPT/>","'97.08886719"
"'4","'LINE","'73","'99.27135468"
"'4","'LINE","'07300","'99.32364655"
"'4","'LINE","'IFN","'99.54461670"
"'4","'LINE","'DSKFUN, <PRINTX","'95.98413086"
"'4","'LINE","'/DISK/>","'89.46566010"
"'4","'LINE","'74","'99.35105133"
"'4","'LINE","'07400","'99.29656982"
"'4","'LINE","'IFN","'99.41194916"
"'4","'LINE","'CONSSW, <PRINTX","'96.04554749"
"'4","'LINE","'/CONSOLE/>>","'85.41629028"
"'4","'LINE","'75","'99.76331329"
"'4","'LINE","'07500","'99.59441376"
"'4","'LINE","'PAGE","'99.67984009"
